True1,True2,Pred1,Pred2,Ratio_d1_d2,Top1_EitherHit,Top2_Correct
6-mercapto-1-hexanol,benzene,benzene,benzenethiol,0.025185976,True,False
6-mercapto-1-hexanol,benzene,benzene,benzenethiol,0.025185976,True,False
6-mercapto-1-hexanol,benzene,benzene,benzenethiol,0.025185976,True,False
6-mercapto-1-hexanol,benzene,benzene,benzenethiol,0.025185976,True,False
6-mercapto-1-hexanol,benzene,benzene,benzenethiol,0.025185976,True,False
6-mercapto-1-hexanol,benzene,benzene,benzenethiol,0.025185976,True,False
6-mercapto-1-hexanol,benzene,benzene,benzenethiol,0.025185976,True,False
6-mercapto-1-hexanol,benzene,benzene,benzenethiol,0.025185976,True,False
6-mercapto-1-hexanol,benzene,benzene,benzenethiol,0.025185976,True,False
6-mercapto-1-hexanol,benzene,benzene,benzenethiol,0.025185976,True,False
6-mercapto-1-hexanol,benzene,benzene,benzenethiol,0.025185976,True,False
6-mercapto-1-hexanol,benzene,benzene,benzenethiol,0.025185976,True,False
6-mercapto-1-hexanol,benzene,benzene,benzenethiol,0.025185976,True,False
6-mercapto-1-hexanol,benzene,benzene,benzenethiol,0.025185976,True,False
6-mercapto-1-hexanol,benzene,benzene,benzenethiol,0.025185976,True,False
6-mercapto-1-hexanol,benzene,benzene,benzenethiol,0.025185976,True,False
6-mercapto-1-hexanol,benzene,benzene,benzenethiol,0.025185976,True,False
6-mercapto-1-hexanol,benzene,benzene,benzenethiol,0.025185976,True,False
6-mercapto-1-hexanol,benzene,benzene,benzenethiol,0.025185976,True,False
6-mercapto-1-hexanol,benzene,benzene,benzenethiol,0.025185976,True,False
6-mercapto-1-hexanol,benzene,benzene,benzenethiol,0.025185976,True,False
6-mercapto-1-hexanol,benzene,benzene,benzenethiol,0.025185976,True,False
6-mercapto-1-hexanol,benzene,benzene,benzenethiol,0.025185976,True,False
6-mercapto-1-hexanol,benzene,benzene,benzenethiol,0.025185976,True,False
6-mercapto-1-hexanol,benzene,benzene,benzenethiol,0.025185976,True,False
6-mercapto-1-hexanol,benzene,benzene,benzenethiol,0.025185976,True,False
6-mercapto-1-hexanol,benzene,benzene,benzenethiol,0.025185976,True,False
6-mercapto-1-hexanol,benzene,benzene,benzenethiol,0.025185976,True,False
6-mercapto-1-hexanol,benzene,benzene,benzenethiol,0.025185976,True,False
6-mercapto-1-hexanol,benzene,benzene,benzenethiol,0.025185976,True,False
6-mercapto-1-hexanol,benzene,benzene,benzenethiol,0.025185976,True,False
6-mercapto-1-hexanol,benzene,benzene,benzenethiol,0.025185976,True,False
6-mercapto-1-hexanol,benzene,benzene,benzenethiol,0.025185976,True,False
6-mercapto-1-hexanol,benzene,benzene,benzenethiol,0.025185976,True,False
6-mercapto-1-hexanol,benzene,benzene,benzenethiol,0.025185976,True,False
6-mercapto-1-hexanol,benzene,benzene,benzenethiol,0.025185976,True,False
6-mercapto-1-hexanol,pyridine,pyridine,meoh,0.047267884,True,False
6-mercapto-1-hexanol,pyridine,pyridine,meoh,0.045765594,True,False
6-mercapto-1-hexanol,pyridine,pyridine,meoh,0.045407537,True,False
6-mercapto-1-hexanol,pyridine,pyridine,meoh,0.045048904,True,False
6-mercapto-1-hexanol,pyridine,pyridine,meoh,0.04277811,True,False
6-mercapto-1-hexanol,pyridine,pyridine,meoh,0.04672085,True,False
6-mercapto-1-hexanol,pyridine,pyridine,meoh,0.04404277,True,False
6-mercapto-1-hexanol,pyridine,pyridine,meoh,0.042037014,True,False
6-mercapto-1-hexanol,pyridine,pyridine,meoh,0.043518588,True,False
6-mercapto-1-hexanol,pyridine,pyridine,meoh,0.044002164,True,False
6-mercapto-1-hexanol,pyridine,pyridine,meoh,0.04730323,True,False
6-mercapto-1-hexanol,pyridine,pyridine,meoh,0.042153537,True,False
6-mercapto-1-hexanol,pyridine,pyridine,meoh,0.047257733,True,False
6-mercapto-1-hexanol,pyridine,pyridine,meoh,0.045580734,True,False
6-mercapto-1-hexanol,pyridine,pyridine,meoh,0.049201846,True,False
6-mercapto-1-hexanol,pyridine,pyridine,meoh,0.045720376,True,False
6-mercapto-1-hexanol,pyridine,pyridine,meoh,0.045021277,True,False
6-mercapto-1-hexanol,pyridine,pyridine,meoh,0.04375489,True,False
6-mercapto-1-hexanol,pyridine,pyridine,meoh,0.04389405,True,False
6-mercapto-1-hexanol,pyridine,pyridine,meoh,0.04515131,True,False
6-mercapto-1-hexanol,pyridine,pyridine,meoh,0.045662835,True,False
6-mercapto-1-hexanol,pyridine,pyridine,meoh,0.04362529,True,False
6-mercapto-1-hexanol,pyridine,pyridine,meoh,0.045199256,True,False
6-mercapto-1-hexanol,pyridine,pyridine,meoh,0.044437487,True,False
6-mercapto-1-hexanol,pyridine,pyridine,meoh,0.04680224,True,False
6-mercapto-1-hexanol,pyridine,pyridine,meoh,0.04468565,True,False
6-mercapto-1-hexanol,pyridine,pyridine,meoh,0.047848273,True,False
6-mercapto-1-hexanol,pyridine,pyridine,meoh,0.045923702,True,False
6-mercapto-1-hexanol,pyridine,pyridine,meoh,0.044911455,True,False
6-mercapto-1-hexanol,pyridine,pyridine,meoh,0.04325582,True,False
6-mercapto-1-hexanol,pyridine,pyridine,meoh,0.043618657,True,False
6-mercapto-1-hexanol,pyridine,pyridine,meoh,0.04551151,True,False
6-mercapto-1-hexanol,pyridine,pyridine,meoh,0.04437935,True,False
6-mercapto-1-hexanol,pyridine,pyridine,meoh,0.04532825,True,False
6-mercapto-1-hexanol,pyridine,pyridine,meoh,0.045455754,True,False
6-mercapto-1-hexanol,pyridine,pyridine,meoh,0.04301137,True,False
benzene,benzenethiol,benzene,benzenethiol,0.18769619,True,True
benzene,benzenethiol,benzene,benzenethiol,0.18668632,True,True
benzene,benzenethiol,benzene,benzenethiol,0.18650167,True,True
benzene,benzenethiol,benzene,benzenethiol,0.18528876,True,True
benzene,benzenethiol,benzene,benzenethiol,0.19012122,True,True
benzene,benzenethiol,benzene,benzenethiol,0.19174242,True,True
benzene,benzenethiol,benzene,benzenethiol,0.1916976,True,True
benzene,benzenethiol,benzene,benzenethiol,0.19117135,True,True
benzene,benzenethiol,benzene,benzenethiol,0.19172524,True,True
benzene,benzenethiol,benzene,benzenethiol,0.19151063,True,True
benzene,benzenethiol,benzene,benzenethiol,0.19298553,True,True
benzene,benzenethiol,benzene,benzenethiol,0.18530163,True,True
benzene,benzenethiol,benzene,benzenethiol,0.19158036,True,True
benzene,benzenethiol,benzene,benzenethiol,0.19173183,True,True
benzene,benzenethiol,benzene,benzenethiol,0.19153039,True,True
benzene,benzenethiol,benzene,benzenethiol,0.19168541,True,True
benzene,benzenethiol,benzene,benzenethiol,0.1915487,True,True
benzene,benzenethiol,benzene,benzenethiol,0.19272068,True,True
benzene,benzenethiol,benzene,benzenethiol,0.19189945,True,True
benzene,benzenethiol,benzene,benzenethiol,0.19338763,True,True
benzene,benzenethiol,benzene,benzenethiol,0.19241585,True,True
benzene,benzenethiol,benzene,benzenethiol,0.1927323,True,True
benzene,benzenethiol,benzene,benzenethiol,0.18688165,True,True
benzene,benzenethiol,benzene,benzenethiol,0.19216517,True,True
benzene,benzenethiol,benzene,benzenethiol,0.1956164,True,True
benzene,benzenethiol,benzene,benzenethiol,0.19463155,True,True
benzene,benzenethiol,benzene,benzenethiol,0.19415525,True,True
benzene,benzenethiol,benzene,benzenethiol,0.19317394,True,True
benzene,benzenethiol,benzene,benzenethiol,0.19750856,True,True
benzene,benzenethiol,benzene,benzenethiol,0.19834252,True,True
benzene,benzenethiol,benzene,benzenethiol,0.18620782,True,True
benzene,benzenethiol,benzene,benzenethiol,0.18706466,True,True
benzene,benzenethiol,benzene,benzenethiol,0.18675755,True,True
benzene,benzenethiol,benzene,benzenethiol,0.18931761,True,True
benzene,benzenethiol,benzene,benzenethiol,0.18904847,True,True
benzene,benzenethiol,benzene,benzenethiol,0.18640366,True,True
benzene,etoh,benzene,benzenethiol,0.00927878,True,False
benzene,etoh,benzene,benzenethiol,0.008934345,True,False
benzene,etoh,benzene,benzenethiol,0.008931002,True,False
benzene,etoh,benzene,benzenethiol,0.009344139,True,False
benzene,etoh,benzene,benzenethiol,0.009509026,True,False
benzene,etoh,benzene,benzenethiol,0.008327903,True,False
benzene,etoh,benzene,benzenethiol,0.008927371,True,False
benzene,etoh,benzene,benzenethiol,0.008744216,True,False
benzene,etoh,benzene,benzenethiol,0.008999226,True,False
benzene,etoh,benzene,benzenethiol,0.00902063,True,False
benzene,etoh,benzene,benzenethiol,0.00870478,True,False
benzene,etoh,benzene,benzenethiol,0.009346024,True,False
benzene,etoh,benzene,benzenethiol,0.00910255,True,False
benzene,etoh,benzene,benzenethiol,0.008937218,True,False
benzene,etoh,benzene,benzenethiol,0.008958779,True,False
benzene,etoh,benzene,benzenethiol,0.009208169,True,False
benzene,etoh,benzene,benzenethiol,0.0085860435,True,False
benzene,etoh,benzene,benzenethiol,0.009452272,True,False
benzene,etoh,benzene,benzenethiol,0.009445752,True,False
benzene,etoh,benzene,benzenethiol,0.009412018,True,False
benzene,etoh,benzene,benzenethiol,0.0093476195,True,False
benzene,etoh,benzene,benzenethiol,0.008649558,True,False
benzene,etoh,benzene,benzenethiol,0.009294176,True,False
benzene,etoh,benzene,benzenethiol,0.009224531,True,False
benzene,etoh,benzene,benzenethiol,0.009340188,True,False
benzene,etoh,benzene,benzenethiol,0.009605925,True,False
benzene,etoh,benzene,benzenethiol,0.009472113,True,False
benzene,etoh,benzene,benzenethiol,0.009083173,True,False
benzene,etoh,benzene,benzenethiol,0.009632737,True,False
benzene,etoh,benzene,benzenethiol,0.009126491,True,False
benzene,etoh,benzene,benzenethiol,0.009627949,True,False
benzene,etoh,benzene,benzenethiol,0.0096061975,True,False
benzene,etoh,benzene,benzenethiol,0.008942758,True,False
benzene,etoh,benzene,benzenethiol,0.010129762,True,False
benzene,etoh,benzene,benzenethiol,0.009173,True,False
benzene,etoh,benzene,benzenethiol,0.009447152,True,False
benzene,meoh,benzene,benzenethiol,0.021861823,True,False
benzene,meoh,benzene,benzenethiol,0.022661395,True,False
benzene,meoh,benzene,benzenethiol,0.02238777,True,False
benzene,meoh,benzene,benzenethiol,0.022826187,True,False
benzene,meoh,benzene,benzenethiol,0.022472765,True,False
benzene,meoh,benzene,benzenethiol,0.022352349,True,False
benzene,meoh,benzene,benzenethiol,0.022481235,True,False
benzene,meoh,benzene,benzenethiol,0.021776823,True,False
benzene,meoh,benzene,benzenethiol,0.021511966,True,False
benzene,meoh,benzene,benzenethiol,0.021900909,True,False
benzene,meoh,benzene,benzenethiol,0.022609247,True,False
benzene,meoh,benzene,benzenethiol,0.023384538,True,False
benzene,meoh,benzene,benzenethiol,0.021557197,True,False
benzene,meoh,benzene,benzenethiol,0.021023648,True,False
benzene,meoh,benzene,benzenethiol,0.023418928,True,False
benzene,meoh,benzene,benzenethiol,0.022459883,True,False
benzene,meoh,benzene,benzenethiol,0.022933831,True,False
benzene,meoh,benzene,benzenethiol,0.02270553,True,False
benzene,meoh,benzene,benzenethiol,0.021011515,True,False
benzene,meoh,benzene,benzenethiol,0.021151174,True,False
benzene,meoh,benzene,benzenethiol,0.021762012,True,False
benzene,meoh,benzene,benzenethiol,0.022258338,True,False
benzene,meoh,benzene,benzenethiol,0.021249183,True,False
benzene,meoh,benzene,benzenethiol,0.022689866,True,False
benzene,meoh,benzene,benzenethiol,0.021468328,True,False
benzene,meoh,benzene,benzenethiol,0.020541526,True,False
benzene,meoh,benzene,benzenethiol,0.020616218,True,False
benzene,meoh,benzene,benzenethiol,0.021805128,True,False
benzene,meoh,benzene,benzenethiol,0.02117516,True,False
benzene,meoh,benzene,benzenethiol,0.021008873,True,False
benzene,meoh,benzene,benzenethiol,0.02190974,True,False
benzene,meoh,benzene,benzenethiol,0.022961695,True,False
benzene,meoh,benzene,benzenethiol,0.022697693,True,False
benzene,meoh,benzene,benzenethiol,0.021157434,True,False
benzene,meoh,benzene,benzenethiol,0.02111376,True,False
benzene,meoh,benzene,benzenethiol,0.022443878,True,False
etoh,1-dodecanethiol,etoh,tris(2-ethylhexyl) phosphate,0.64020646,True,False
etoh,1-dodecanethiol,etoh,tris(2-ethylhexyl) phosphate,0.6492074,True,False
etoh,1-dodecanethiol,etoh,tris(2-ethylhexyl) phosphate,0.6439996,True,False
etoh,1-dodecanethiol,etoh,tris(2-ethylhexyl) phosphate,0.6635346,True,False
etoh,1-dodecanethiol,etoh,tris(2-ethylhexyl) phosphate,0.623498,True,False
etoh,1-dodecanethiol,etoh,tris(2-ethylhexyl) phosphate,0.6463672,True,False
etoh,1-dodecanethiol,etoh,tris(2-ethylhexyl) phosphate,0.64345396,True,False
etoh,1-dodecanethiol,etoh,tris(2-ethylhexyl) phosphate,0.64188004,True,False
etoh,1-dodecanethiol,etoh,tris(2-ethylhexyl) phosphate,0.6533878,True,False
etoh,1-dodecanethiol,etoh,tris(2-ethylhexyl) phosphate,0.6316763,True,False
etoh,1-dodecanethiol,etoh,tris(2-ethylhexyl) phosphate,0.6437127,True,False
etoh,1-dodecanethiol,etoh,tris(2-ethylhexyl) phosphate,0.6432502,True,False
etoh,1-dodecanethiol,etoh,tris(2-ethylhexyl) phosphate,0.62087995,True,False
etoh,1-dodecanethiol,etoh,tris(2-ethylhexyl) phosphate,0.6490285,True,False
etoh,1-dodecanethiol,etoh,tris(2-ethylhexyl) phosphate,0.6534712,True,False
etoh,1-dodecanethiol,etoh,tris(2-ethylhexyl) phosphate,0.63327765,True,False
etoh,1-dodecanethiol,etoh,tris(2-ethylhexyl) phosphate,0.6467568,True,False
etoh,1-dodecanethiol,etoh,tris(2-ethylhexyl) phosphate,0.6486304,True,False
etoh,1-dodecanethiol,etoh,tris(2-ethylhexyl) phosphate,0.63450634,True,False
etoh,1-dodecanethiol,etoh,tris(2-ethylhexyl) phosphate,0.6550207,True,False
etoh,1-dodecanethiol,etoh,tris(2-ethylhexyl) phosphate,0.6464067,True,False
etoh,1-dodecanethiol,etoh,tris(2-ethylhexyl) phosphate,0.651719,True,False
etoh,1-dodecanethiol,etoh,tris(2-ethylhexyl) phosphate,0.63688904,True,False
etoh,1-dodecanethiol,etoh,tris(2-ethylhexyl) phosphate,0.6465101,True,False
etoh,1-dodecanethiol,etoh,tris(2-ethylhexyl) phosphate,0.64927834,True,False
etoh,1-dodecanethiol,etoh,tris(2-ethylhexyl) phosphate,0.65277255,True,False
etoh,1-dodecanethiol,etoh,tris(2-ethylhexyl) phosphate,0.65355515,True,False
etoh,1-dodecanethiol,etoh,tris(2-ethylhexyl) phosphate,0.6406648,True,False
etoh,1-dodecanethiol,etoh,tris(2-ethylhexyl) phosphate,0.6679561,True,False
etoh,1-dodecanethiol,etoh,tris(2-ethylhexyl) phosphate,0.64231,True,False
etoh,1-dodecanethiol,etoh,tris(2-ethylhexyl) phosphate,0.65935564,True,False
etoh,1-dodecanethiol,etoh,tris(2-ethylhexyl) phosphate,0.6481882,True,False
etoh,1-dodecanethiol,etoh,tris(2-ethylhexyl) phosphate,0.6558032,True,False
etoh,1-dodecanethiol,etoh,tris(2-ethylhexyl) phosphate,0.6548012,True,False
etoh,1-dodecanethiol,etoh,tris(2-ethylhexyl) phosphate,0.66298306,True,False
etoh,1-dodecanethiol,etoh,tris(2-ethylhexyl) phosphate,0.65232265,True,False
etoh,meoh,etoh,meoh,0.9649726,True,True
etoh,meoh,etoh,meoh,0.976155,True,True
etoh,meoh,etoh,meoh,0.9487564,True,True
etoh,meoh,etoh,meoh,0.947785,True,True
etoh,meoh,etoh,meoh,0.9769455,True,True
etoh,meoh,etoh,meoh,0.96816427,True,True
etoh,meoh,etoh,meoh,0.9743705,True,True
etoh,meoh,etoh,meoh,0.9605863,True,True
etoh,meoh,etoh,meoh,0.95931935,True,True
etoh,meoh,etoh,meoh,0.9845068,True,True
etoh,meoh,etoh,meoh,0.93773633,True,True
etoh,meoh,etoh,meoh,0.9466634,True,True
etoh,meoh,etoh,meoh,0.968319,True,True
etoh,meoh,etoh,meoh,0.9480881,True,True
etoh,meoh,etoh,meoh,0.96321887,True,True
etoh,meoh,etoh,meoh,0.9656312,True,True
etoh,meoh,etoh,meoh,0.9803219,True,True
etoh,meoh,etoh,meoh,0.97878283,True,True
etoh,meoh,etoh,meoh,0.9753434,True,True
etoh,meoh,etoh,meoh,0.9642609,True,True
etoh,meoh,etoh,meoh,0.97347146,True,True
etoh,meoh,etoh,meoh,0.9524805,True,True
etoh,meoh,etoh,meoh,0.9797847,True,True
etoh,meoh,etoh,meoh,0.9846846,True,True
etoh,meoh,etoh,meoh,0.992016,True,True
etoh,meoh,etoh,meoh,0.94892156,True,True
etoh,meoh,etoh,meoh,0.9682517,True,True
etoh,meoh,etoh,meoh,0.9779682,True,True
etoh,meoh,etoh,meoh,0.9521919,True,True
etoh,meoh,etoh,meoh,0.9717843,True,True
etoh,meoh,etoh,meoh,0.96114945,True,True
etoh,meoh,etoh,meoh,0.9737982,True,True
etoh,meoh,etoh,meoh,0.97803694,True,True
etoh,meoh,etoh,meoh,0.9548387,True,True
etoh,meoh,etoh,meoh,0.96023166,True,True
etoh,meoh,etoh,meoh,0.96497023,True,True
etoh,meoh,etoh,meoh,0.976425,True,True
etoh,meoh,etoh,meoh,0.9763891,True,True
etoh,meoh,etoh,meoh,0.94459623,True,True
etoh,meoh,etoh,meoh,0.97549814,True,True
etoh,meoh,etoh,meoh,0.9728677,True,True
etoh,meoh,etoh,meoh,0.96387273,True,True
etoh,meoh,etoh,meoh,0.9730697,True,True
etoh,meoh,etoh,meoh,0.979452,True,True
etoh,meoh,etoh,meoh,0.96596414,True,True
etoh,meoh,etoh,meoh,0.9754938,True,True
etoh,meoh,etoh,meoh,0.96631014,True,True
etoh,meoh,etoh,meoh,0.97239107,True,True
etoh,meoh,etoh,meoh,0.97442937,True,True
meoh,1-dodecanethiol,1-dodecanethiol,1-undecanethiol,0.4720017,True,False
meoh,1-dodecanethiol,1-dodecanethiol,1-undecanethiol,0.5202247,True,False
meoh,1-dodecanethiol,1-dodecanethiol,1-undecanethiol,0.35914275,True,False
meoh,1-dodecanethiol,1-dodecanethiol,1-undecanethiol,0.37703192,True,False
meoh,1-dodecanethiol,1-dodecanethiol,1-undecanethiol,0.39284804,True,False
meoh,1-dodecanethiol,1-dodecanethiol,1-undecanethiol,0.35570318,True,False
meoh,1-dodecanethiol,1-dodecanethiol,1-undecanethiol,0.46758032,True,False
meoh,1-dodecanethiol,1-dodecanethiol,1-undecanethiol,0.49351257,True,False
meoh,1-dodecanethiol,1-dodecanethiol,1-undecanethiol,0.4592148,True,False
meoh,1-dodecanethiol,1-dodecanethiol,1-undecanethiol,0.467588,True,False
meoh,1-dodecanethiol,1-dodecanethiol,1-undecanethiol,0.50274515,True,False
meoh,1-dodecanethiol,1-dodecanethiol,1-undecanethiol,0.51588666,True,False
meoh,1-dodecanethiol,1-dodecanethiol,1-undecanethiol,0.5101387,True,False
meoh,1-dodecanethiol,1-dodecanethiol,1-undecanethiol,0.46906793,True,False
meoh,1-dodecanethiol,1-dodecanethiol,1-undecanethiol,0.44431362,True,False
meoh,1-dodecanethiol,1-dodecanethiol,1-undecanethiol,0.4526214,True,False
meoh,1-dodecanethiol,1-dodecanethiol,1-undecanethiol,0.4568111,True,False
meoh,1-dodecanethiol,1-dodecanethiol,1-undecanethiol,0.49030742,True,False
meoh,1-dodecanethiol,1-dodecanethiol,1-undecanethiol,0.54574084,True,False
meoh,1-dodecanethiol,1-dodecanethiol,1-undecanethiol,0.51101476,True,False
meoh,1-dodecanethiol,1-dodecanethiol,1-undecanethiol,0.56338185,True,False
meoh,1-dodecanethiol,1-dodecanethiol,1-undecanethiol,0.51383567,True,False
meoh,1-dodecanethiol,1-dodecanethiol,1-undecanethiol,0.5424625,True,False
meoh,1-dodecanethiol,1-dodecanethiol,1-undecanethiol,0.49728966,True,False
meoh,1-dodecanethiol,1-dodecanethiol,1-undecanethiol,0.5561779,True,False
meoh,1-dodecanethiol,1-dodecanethiol,1-undecanethiol,0.51459455,True,False
meoh,1-dodecanethiol,1-dodecanethiol,1-undecanethiol,0.5716885,True,False
meoh,1-dodecanethiol,1-dodecanethiol,1-undecanethiol,0.6023409,True,False
meoh,1-dodecanethiol,1-dodecanethiol,1-undecanethiol,0.6207992,True,False
meoh,1-dodecanethiol,1-dodecanethiol,1-undecanethiol,0.6464433,True,False
meoh,1-dodecanethiol,1-dodecanethiol,1-undecanethiol,0.7145192,True,False
meoh,1-dodecanethiol,1-dodecanethiol,1-undecanethiol,0.7696058,True,False
meoh,1-dodecanethiol,1-dodecanethiol,1-undecanethiol,0.698865,True,False
meoh,1-dodecanethiol,1-dodecanethiol,1-undecanethiol,0.7642291,True,False
meoh,1-dodecanethiol,1-dodecanethiol,1-undecanethiol,0.5113349,True,False
meoh,1-dodecanethiol,1-dodecanethiol,1-undecanethiol,0.81839484,True,False
meoh,1-dodecanethiol,1-dodecanethiol,1-undecanethiol,0.816453,True,False
meoh,1-dodecanethiol,1-dodecanethiol,1-undecanethiol,0.76910126,True,False
meoh,1-dodecanethiol,1-dodecanethiol,1-undecanethiol,0.7632333,True,False
meoh,1-dodecanethiol,1-dodecanethiol,tris(2-ethylhexyl) phosphate,0.9310652,True,False
meoh,1-dodecanethiol,tris(2-ethylhexyl) phosphate,1-dodecanethiol,0.73643035,False,False
meoh,1-dodecanethiol,tris(2-ethylhexyl) phosphate,1-dodecanethiol,0.7094269,False,False
meoh,1-dodecanethiol,tris(2-ethylhexyl) phosphate,meoh,0.7465036,False,False
meoh,1-dodecanethiol,meoh,tris(2-ethylhexyl) phosphate,0.9711163,True,False
meoh,1-dodecanethiol,meoh,tris(2-ethylhexyl) phosphate,0.7401682,True,False
meoh,1-dodecanethiol,1-dodecanethiol,1-undecanethiol,0.4632018,True,False
meoh,1-dodecanethiol,meoh,tris(2-ethylhexyl) phosphate,0.5947262,True,False
meoh,1-dodecanethiol,meoh,tris(2-ethylhexyl) phosphate,0.5128185,True,False
meoh,1-dodecanethiol,meoh,tris(2-ethylhexyl) phosphate,0.40424702,True,False
meoh,1-dodecanethiol,meoh,tris(2-ethylhexyl) phosphate,0.36547905,True,False
meoh,1-dodecanethiol,meoh,tris(2-ethylhexyl) phosphate,0.36294493,True,False
meoh,1-dodecanethiol,meoh,tris(2-ethylhexyl) phosphate,0.3780665,True,False
meoh,1-dodecanethiol,meoh,tris(2-ethylhexyl) phosphate,0.40763074,True,False
meoh,1-dodecanethiol,meoh,tris(2-ethylhexyl) phosphate,0.6836993,True,False
meoh,1-dodecanethiol,meoh,tris(2-ethylhexyl) phosphate,0.5145012,True,False
meoh,1-dodecanethiol,meoh,tris(2-ethylhexyl) phosphate,0.39118937,True,False
meoh,1-dodecanethiol,1-dodecanethiol,1-undecanethiol,0.4717259,True,False
meoh,1-dodecanethiol,meoh,tris(2-ethylhexyl) phosphate,0.3640312,True,False
meoh,1-dodecanethiol,meoh,tris(2-ethylhexyl) phosphate,0.4100337,True,False
meoh,1-dodecanethiol,meoh,tris(2-ethylhexyl) phosphate,0.50820446,True,False
meoh,1-dodecanethiol,meoh,tris(2-ethylhexyl) phosphate,0.5565867,True,False
meoh,1-dodecanethiol,meoh,tris(2-ethylhexyl) phosphate,0.6890501,True,False
meoh,1-dodecanethiol,meoh,tris(2-ethylhexyl) phosphate,0.95926154,True,False
meoh,1-dodecanethiol,tris(2-ethylhexyl) phosphate,1-dodecanethiol,0.63582677,False,False
meoh,1-dodecanethiol,tris(2-ethylhexyl) phosphate,meoh,0.6047875,False,False
meoh,1-dodecanethiol,tris(2-ethylhexyl) phosphate,1-dodecanethiol,0.642384,False,False
meoh,1-dodecanethiol,1-dodecanethiol,1-undecanethiol,0.49931532,True,False
meoh,1-dodecanethiol,1-dodecanethiol,1-undecanethiol,0.5045494,True,False
meoh,1-dodecanethiol,1-dodecanethiol,1-undecanethiol,0.5070808,True,False
meoh,1-dodecanethiol,1-dodecanethiol,1-undecanethiol,0.4962489,True,False
meoh,1-dodecanethiol,1-dodecanethiol,1-undecanethiol,0.48798695,True,False
meoh,1-dodecanethiol,1-dodecanethiol,1-undecanethiol,0.52359027,True,False
meoh,1-dodecanethiol,1-dodecanethiol,1-undecanethiol,0.56690544,True,False
meoh,1-dodecanethiol,1-dodecanethiol,1-undecanethiol,0.5206304,True,False
meoh,1-dodecanethiol,1-dodecanethiol,1-undecanethiol,0.5704266,True,False
meoh,1-dodecanethiol,1-dodecanethiol,1-undecanethiol,0.5650216,True,False
meoh,1-dodecanethiol,1-dodecanethiol,1-undecanethiol,0.5365658,True,False
meoh,1-dodecanethiol,1-dodecanethiol,1-undecanethiol,0.55555254,True,False
meoh,1-dodecanethiol,1-dodecanethiol,1-undecanethiol,0.57360166,True,False
meoh,1-dodecanethiol,1-dodecanethiol,1-undecanethiol,0.5309811,True,False
meoh,1-dodecanethiol,1-dodecanethiol,1-undecanethiol,0.5266473,True,False
meoh,1-dodecanethiol,1-dodecanethiol,1-undecanethiol,0.5463295,True,False
meoh,1-dodecanethiol,1-dodecanethiol,1-undecanethiol,0.5217552,True,False
meoh,1-dodecanethiol,1-dodecanethiol,1-undecanethiol,0.50031,True,False
meoh,1-dodecanethiol,1-dodecanethiol,1-undecanethiol,0.5627232,True,False
meoh,1-dodecanethiol,1-dodecanethiol,1-undecanethiol,0.5436243,True,False
meoh,1-dodecanethiol,1-dodecanethiol,1-undecanethiol,0.53484696,True,False
meoh,1-dodecanethiol,1-dodecanethiol,1-undecanethiol,0.5552374,True,False
meoh,1-dodecanethiol,1-dodecanethiol,1-undecanethiol,0.58826834,True,False
meoh,1-dodecanethiol,1-dodecanethiol,1-undecanethiol,0.39104325,True,False
meoh,1-dodecanethiol,1-dodecanethiol,1-undecanethiol,0.34678206,True,False
meoh,1-dodecanethiol,1-dodecanethiol,1-undecanethiol,0.35974792,True,False
meoh,1-dodecanethiol,1-dodecanethiol,1-undecanethiol,0.48840854,True,False
meoh,1-dodecanethiol,1-dodecanethiol,1-undecanethiol,0.34634063,True,False
meoh,1-dodecanethiol,1-dodecanethiol,1-undecanethiol,0.4454235,True,False
meoh,1-dodecanethiol,1-dodecanethiol,1-undecanethiol,0.37633818,True,False
meoh,1-dodecanethiol,1-dodecanethiol,1-undecanethiol,0.37317538,True,False
meoh,1-dodecanethiol,1-dodecanethiol,1-undecanethiol,0.4406828,True,False
meoh,1-dodecanethiol,1-dodecanethiol,1-undecanethiol,0.42852014,True,False
meoh,1-dodecanethiol,1-dodecanethiol,1-undecanethiol,0.44150808,True,False
meoh,1-dodecanethiol,1-dodecanethiol,1-undecanethiol,0.4782154,True,False
meoh,1-dodecanethiol,1-dodecanethiol,1-undecanethiol,0.5350806,True,False
meoh,1-dodecanethiol,1-dodecanethiol,1-undecanethiol,0.5157664,True,False
meoh,1-dodecanethiol,1-dodecanethiol,1-undecanethiol,0.5780378,True,False
meoh,1-dodecanethiol,1-dodecanethiol,1-undecanethiol,0.57887673,True,False
meoh,1-dodecanethiol,1-dodecanethiol,1-undecanethiol,0.60819703,True,False
meoh,1-dodecanethiol,1-dodecanethiol,1-undecanethiol,0.51434433,True,False
meoh,1-dodecanethiol,1-dodecanethiol,1-undecanethiol,0.39699888,True,False
meoh,1-dodecanethiol,1-dodecanethiol,1-undecanethiol,0.5031065,True,False
meoh,1-dodecanethiol,1-dodecanethiol,1-undecanethiol,0.5869031,True,False
meoh,1-dodecanethiol,1-dodecanethiol,1-undecanethiol,0.58590966,True,False
meoh,1-dodecanethiol,1-dodecanethiol,1-undecanethiol,0.6010781,True,False
meoh,1-dodecanethiol,1-dodecanethiol,1-undecanethiol,0.5082146,True,False
meoh,1-dodecanethiol,1-dodecanethiol,1-undecanethiol,0.52608204,True,False
meoh,1-dodecanethiol,1-dodecanethiol,1-undecanethiol,0.5789353,True,False
meoh,1-dodecanethiol,1-dodecanethiol,1-undecanethiol,0.60861707,True,False
meoh,1-dodecanethiol,1-dodecanethiol,1-undecanethiol,0.6509952,True,False
meoh,1-dodecanethiol,1-dodecanethiol,1-undecanethiol,0.63212436,True,False
meoh,1-dodecanethiol,1-dodecanethiol,1-undecanethiol,0.69066817,True,False
meoh,1-dodecanethiol,1-dodecanethiol,1-undecanethiol,0.6972015,True,False
meoh,1-dodecanethiol,1-dodecanethiol,1-undecanethiol,0.72280836,True,False
meoh,1-dodecanethiol,1-dodecanethiol,1-undecanethiol,0.6724591,True,False
meoh,1-dodecanethiol,1-dodecanethiol,1-undecanethiol,0.7424696,True,False
meoh,1-dodecanethiol,1-dodecanethiol,1-undecanethiol,0.75503385,True,False
meoh,1-dodecanethiol,1-dodecanethiol,1-undecanethiol,0.7425131,True,False
meoh,1-dodecanethiol,1-dodecanethiol,1-undecanethiol,0.57297504,True,False
meoh,1-dodecanethiol,1-dodecanethiol,1-undecanethiol,0.75407064,True,False
meoh,1-dodecanethiol,1-dodecanethiol,1-undecanethiol,0.79492533,True,False
meoh,1-dodecanethiol,1-dodecanethiol,tris(2-ethylhexyl) phosphate,0.8701347,True,False
meoh,1-dodecanethiol,1-dodecanethiol,tris(2-ethylhexyl) phosphate,0.9597806,True,False
meoh,1-dodecanethiol,tris(2-ethylhexyl) phosphate,1-dodecanethiol,0.8962196,False,False
meoh,1-dodecanethiol,tris(2-ethylhexyl) phosphate,1-dodecanethiol,0.7186508,False,False
meoh,1-dodecanethiol,tris(2-ethylhexyl) phosphate,1-dodecanethiol,0.7205039,False,False
meoh,1-dodecanethiol,tris(2-ethylhexyl) phosphate,1-dodecanethiol,0.7810087,False,False
meoh,1-dodecanethiol,1-dodecanethiol,1-undecanethiol,0.8706134,True,False
meoh,1-dodecanethiol,1-dodecanethiol,1-undecanethiol,0.9277814,True,False
meoh,1-dodecanethiol,1-dodecanethiol,1-undecanethiol,0.6042675,True,False
meoh,1-dodecanethiol,1-dodecanethiol,1-undecanethiol,0.869516,True,False
meoh,1-dodecanethiol,1-dodecanethiol,1-undecanethiol,0.8036818,True,False
meoh,1-dodecanethiol,1-dodecanethiol,1-undecanethiol,0.67638826,True,False
meoh,1-dodecanethiol,1-dodecanethiol,1-undecanethiol,0.44366682,True,False
meoh,1-dodecanethiol,1-dodecanethiol,1-undecanethiol,0.3979223,True,False
meoh,1-dodecanethiol,1-dodecanethiol,1-undecanethiol,0.2673934,True,False
meoh,1-dodecanethiol,1-dodecanethiol,1-undecanethiol,0.24038948,True,False
meoh,1-dodecanethiol,1-dodecanethiol,1-undecanethiol,0.3276644,True,False
meoh,1-dodecanethiol,1-dodecanethiol,1-undecanethiol,0.36739072,True,False
meoh,1-dodecanethiol,1-dodecanethiol,1-undecanethiol,0.30447376,True,False
meoh,1-dodecanethiol,1-dodecanethiol,1-undecanethiol,0.49557054,True,False
meoh,1-dodecanethiol,1-dodecanethiol,1-undecanethiol,0.31678122,True,False
meoh,1-dodecanethiol,1-dodecanethiol,1-undecanethiol,0.35511765,True,False
meoh,1-dodecanethiol,1-dodecanethiol,1-undecanethiol,0.3427701,True,False
meoh,1-dodecanethiol,1-dodecanethiol,1-undecanethiol,0.28250012,True,False
meoh,1-dodecanethiol,1-dodecanethiol,1-undecanethiol,0.42390096,True,False
meoh,1-dodecanethiol,1-dodecanethiol,1-undecanethiol,0.3285526,True,False
meoh,1-dodecanethiol,1-dodecanethiol,1-undecanethiol,0.3552016,True,False
meoh,1-dodecanethiol,1-dodecanethiol,1-undecanethiol,0.22985418,True,False
meoh,1-dodecanethiol,1-dodecanethiol,1-undecanethiol,0.32007352,True,False
meoh,1-dodecanethiol,1-dodecanethiol,1-undecanethiol,0.34078172,True,False
"n,n-dimethylformamide",6-mercapto-1-hexanol,"n,n-dimethylformamide","1,9-nonanedithiol",0.23090658,True,False
"n,n-dimethylformamide",6-mercapto-1-hexanol,"n,n-dimethylformamide","1,9-nonanedithiol",0.22244656,True,False
"n,n-dimethylformamide",6-mercapto-1-hexanol,"n,n-dimethylformamide","1,9-nonanedithiol",0.22791535,True,False
"n,n-dimethylformamide",6-mercapto-1-hexanol,"n,n-dimethylformamide","1,9-nonanedithiol",0.22819652,True,False
"n,n-dimethylformamide",6-mercapto-1-hexanol,"n,n-dimethylformamide","1,9-nonanedithiol",0.21976236,True,False
"n,n-dimethylformamide",6-mercapto-1-hexanol,"n,n-dimethylformamide","1,9-nonanedithiol",0.22076692,True,False
"n,n-dimethylformamide",6-mercapto-1-hexanol,"n,n-dimethylformamide","1,9-nonanedithiol",0.22843637,True,False
"n,n-dimethylformamide",6-mercapto-1-hexanol,"n,n-dimethylformamide","1,9-nonanedithiol",0.21542738,True,False
"n,n-dimethylformamide",6-mercapto-1-hexanol,"n,n-dimethylformamide","1,9-nonanedithiol",0.2193187,True,False
"n,n-dimethylformamide",6-mercapto-1-hexanol,"n,n-dimethylformamide","1,9-nonanedithiol",0.2200074,True,False
"n,n-dimethylformamide",6-mercapto-1-hexanol,"n,n-dimethylformamide","1,9-nonanedithiol",0.22761695,True,False
"n,n-dimethylformamide",6-mercapto-1-hexanol,"n,n-dimethylformamide","1,9-nonanedithiol",0.22557168,True,False
"n,n-dimethylformamide",6-mercapto-1-hexanol,"n,n-dimethylformamide","1,9-nonanedithiol",0.2185965,True,False
"n,n-dimethylformamide",6-mercapto-1-hexanol,"n,n-dimethylformamide","1,9-nonanedithiol",0.23338844,True,False
"n,n-dimethylformamide",6-mercapto-1-hexanol,"n,n-dimethylformamide","1,9-nonanedithiol",0.22043467,True,False
"n,n-dimethylformamide",6-mercapto-1-hexanol,"n,n-dimethylformamide","1,9-nonanedithiol",0.23820508,True,False
"n,n-dimethylformamide",6-mercapto-1-hexanol,"n,n-dimethylformamide","1,9-nonanedithiol",0.22001293,True,False
"n,n-dimethylformamide",6-mercapto-1-hexanol,"n,n-dimethylformamide","1,9-nonanedithiol",0.22334471,True,False
"n,n-dimethylformamide",6-mercapto-1-hexanol,"n,n-dimethylformamide","1,9-nonanedithiol",0.21727407,True,False
"n,n-dimethylformamide",6-mercapto-1-hexanol,"n,n-dimethylformamide","1,9-nonanedithiol",0.22784808,True,False
"n,n-dimethylformamide",6-mercapto-1-hexanol,"n,n-dimethylformamide","1,9-nonanedithiol",0.22107792,True,False
"n,n-dimethylformamide",6-mercapto-1-hexanol,"n,n-dimethylformamide","1,9-nonanedithiol",0.21843374,True,False
"n,n-dimethylformamide",6-mercapto-1-hexanol,"n,n-dimethylformamide","1,9-nonanedithiol",0.2130052,True,False
"n,n-dimethylformamide",6-mercapto-1-hexanol,"n,n-dimethylformamide","1,9-nonanedithiol",0.21538846,True,False
"n,n-dimethylformamide",6-mercapto-1-hexanol,"n,n-dimethylformamide","1,9-nonanedithiol",0.21760005,True,False
"n,n-dimethylformamide",6-mercapto-1-hexanol,"n,n-dimethylformamide","1,9-nonanedithiol",0.22345997,True,False
"n,n-dimethylformamide",6-mercapto-1-hexanol,"n,n-dimethylformamide","1,9-nonanedithiol",0.22574645,True,False
"n,n-dimethylformamide",6-mercapto-1-hexanol,"n,n-dimethylformamide","1,9-nonanedithiol",0.22193584,True,False
"n,n-dimethylformamide",6-mercapto-1-hexanol,"n,n-dimethylformamide","1,9-nonanedithiol",0.21405967,True,False
"n,n-dimethylformamide",6-mercapto-1-hexanol,"n,n-dimethylformamide","1,9-nonanedithiol",0.22338976,True,False
"n,n-dimethylformamide",6-mercapto-1-hexanol,"n,n-dimethylformamide","1,9-nonanedithiol",0.23459677,True,False
"n,n-dimethylformamide",6-mercapto-1-hexanol,"n,n-dimethylformamide","1,9-nonanedithiol",0.23114564,True,False
"n,n-dimethylformamide",6-mercapto-1-hexanol,"n,n-dimethylformamide","1,9-nonanedithiol",0.2205791,True,False
"n,n-dimethylformamide",6-mercapto-1-hexanol,"n,n-dimethylformamide","1,9-nonanedithiol",0.23546565,True,False
"n,n-dimethylformamide",6-mercapto-1-hexanol,"n,n-dimethylformamide","1,9-nonanedithiol",0.23166385,True,False
"n,n-dimethylformamide",6-mercapto-1-hexanol,"n,n-dimethylformamide","1,9-nonanedithiol",0.23324808,True,False
"n,n-dimethylformamide",pyridine,pyridine,etoh,0.45387122,True,False
"n,n-dimethylformamide",pyridine,pyridine,etoh,0.44018337,True,False
"n,n-dimethylformamide",pyridine,pyridine,etoh,0.44366562,True,False
"n,n-dimethylformamide",pyridine,pyridine,etoh,0.44016543,True,False
"n,n-dimethylformamide",pyridine,pyridine,etoh,0.43175173,True,False
"n,n-dimethylformamide",pyridine,pyridine,etoh,0.44377553,True,False
"n,n-dimethylformamide",pyridine,pyridine,etoh,0.43762904,True,False
"n,n-dimethylformamide",pyridine,pyridine,etoh,0.44391683,True,False
"n,n-dimethylformamide",pyridine,pyridine,etoh,0.44046408,True,False
"n,n-dimethylformamide",pyridine,pyridine,etoh,0.44754937,True,False
"n,n-dimethylformamide",pyridine,pyridine,etoh,0.4386651,True,False
"n,n-dimethylformamide",pyridine,pyridine,etoh,0.4505736,True,False
"n,n-dimethylformamide",pyridine,pyridine,etoh,0.43953368,True,False
"n,n-dimethylformamide",pyridine,pyridine,etoh,0.44123244,True,False
"n,n-dimethylformamide",pyridine,pyridine,etoh,0.43672213,True,False
"n,n-dimethylformamide",pyridine,pyridine,etoh,0.45006981,True,False
"n,n-dimethylformamide",pyridine,pyridine,etoh,0.44782984,True,False
"n,n-dimethylformamide",pyridine,pyridine,etoh,0.43842763,True,False
"n,n-dimethylformamide",pyridine,pyridine,etoh,0.44962105,True,False
"n,n-dimethylformamide",pyridine,pyridine,etoh,0.4502476,True,False
"n,n-dimethylformamide",pyridine,pyridine,etoh,0.4400691,True,False
"n,n-dimethylformamide",pyridine,pyridine,etoh,0.45246074,True,False
"n,n-dimethylformamide",pyridine,pyridine,etoh,0.44887012,True,False
"n,n-dimethylformamide",pyridine,pyridine,etoh,0.44407582,True,False
"n,n-dimethylformamide",pyridine,pyridine,etoh,0.45492843,True,False
"n,n-dimethylformamide",pyridine,pyridine,etoh,0.44391394,True,False
"n,n-dimethylformamide",pyridine,pyridine,etoh,0.45424736,True,False
"n,n-dimethylformamide",pyridine,pyridine,etoh,0.44497144,True,False
"n,n-dimethylformamide",pyridine,pyridine,etoh,0.4584822,True,False
"n,n-dimethylformamide",pyridine,pyridine,etoh,0.4499588,True,False
"n,n-dimethylformamide",pyridine,pyridine,etoh,0.4469711,True,False
"n,n-dimethylformamide",pyridine,pyridine,etoh,0.44219106,True,False
"n,n-dimethylformamide",pyridine,pyridine,etoh,0.44788536,True,False
"n,n-dimethylformamide",pyridine,pyridine,etoh,0.4431782,True,False
"n,n-dimethylformamide",pyridine,pyridine,etoh,0.43391165,True,False
"n,n-dimethylformamide",pyridine,pyridine,etoh,0.44248977,True,False
pyridine,benzenethiol,pyridine,benzenethiol,0.5904089,True,True
pyridine,benzenethiol,pyridine,benzenethiol,0.5834067,True,True
pyridine,benzenethiol,pyridine,benzenethiol,0.586683,True,True
pyridine,benzenethiol,pyridine,benzenethiol,0.58049434,True,True
pyridine,benzenethiol,pyridine,benzenethiol,0.57869244,True,True
pyridine,benzenethiol,pyridine,benzenethiol,0.58246946,True,True
pyridine,benzenethiol,pyridine,benzenethiol,0.5880694,True,True
pyridine,benzenethiol,pyridine,benzenethiol,0.5864356,True,True
pyridine,benzenethiol,pyridine,benzenethiol,0.58667624,True,True
pyridine,benzenethiol,pyridine,benzenethiol,0.58809924,True,True
pyridine,benzenethiol,pyridine,benzenethiol,0.5823486,True,True
pyridine,benzenethiol,pyridine,benzenethiol,0.5802279,True,True
pyridine,benzenethiol,pyridine,benzenethiol,0.5758735,True,True
pyridine,benzenethiol,pyridine,benzenethiol,0.5867211,True,True
pyridine,benzenethiol,pyridine,benzenethiol,0.5873244,True,True
pyridine,benzenethiol,pyridine,benzenethiol,0.5917679,True,True
pyridine,benzenethiol,pyridine,benzenethiol,0.5893042,True,True
pyridine,benzenethiol,pyridine,benzenethiol,0.584383,True,True
pyridine,benzenethiol,pyridine,benzenethiol,0.5873148,True,True
pyridine,benzenethiol,pyridine,benzenethiol,0.581769,True,True
pyridine,benzenethiol,pyridine,benzenethiol,0.57807463,True,True
pyridine,benzenethiol,pyridine,benzenethiol,0.58404046,True,True
pyridine,benzenethiol,pyridine,benzenethiol,0.57596266,True,True
pyridine,benzenethiol,pyridine,benzenethiol,0.58977425,True,True
pyridine,benzenethiol,pyridine,benzenethiol,0.5836684,True,True
pyridine,benzenethiol,pyridine,benzenethiol,0.58890706,True,True
pyridine,benzenethiol,pyridine,benzenethiol,0.5919455,True,True
pyridine,benzenethiol,pyridine,benzenethiol,0.5898599,True,True
pyridine,benzenethiol,pyridine,benzenethiol,0.58554685,True,True
pyridine,benzenethiol,pyridine,benzenethiol,0.5810659,True,True
pyridine,benzenethiol,pyridine,benzenethiol,0.5859553,True,True
pyridine,benzenethiol,pyridine,benzenethiol,0.57997245,True,True
pyridine,benzenethiol,pyridine,benzenethiol,0.584973,True,True
pyridine,benzenethiol,pyridine,benzenethiol,0.5905075,True,True
pyridine,benzenethiol,pyridine,benzenethiol,0.5802193,True,True
pyridine,benzenethiol,pyridine,benzenethiol,0.5892486,True,True
benzene,1-dodecanethiol,benzene,benzenethiol,0.025185976,True,False
benzene,1-dodecanethiol,benzene,benzenethiol,0.025185976,True,False
benzene,1-dodecanethiol,benzene,benzenethiol,0.025185976,True,False
benzene,1-dodecanethiol,benzene,benzenethiol,0.025185976,True,False
benzene,1-dodecanethiol,benzene,benzenethiol,0.025185976,True,False
benzene,1-dodecanethiol,benzene,benzenethiol,0.025185976,True,False
benzene,1-dodecanethiol,benzene,benzenethiol,0.025185976,True,False
benzene,1-dodecanethiol,benzene,benzenethiol,0.025185976,True,False
benzene,1-dodecanethiol,benzene,benzenethiol,0.025185976,True,False
benzene,1-dodecanethiol,benzene,benzenethiol,0.025185976,True,False
benzene,1-dodecanethiol,benzene,benzenethiol,0.025185976,True,False
benzene,1-dodecanethiol,benzene,benzenethiol,0.025185976,True,False
benzene,1-dodecanethiol,benzene,benzenethiol,0.025185976,True,False
benzene,1-dodecanethiol,benzene,benzenethiol,0.025185976,True,False
benzene,1-dodecanethiol,benzene,benzenethiol,0.025185976,True,False
benzene,1-dodecanethiol,benzene,benzenethiol,0.025185976,True,False
benzene,1-dodecanethiol,benzene,benzenethiol,0.025185976,True,False
benzene,1-dodecanethiol,benzene,benzenethiol,0.025185976,True,False
benzene,1-dodecanethiol,benzene,benzenethiol,0.025185976,True,False
benzene,1-dodecanethiol,benzene,benzenethiol,0.025185976,True,False
benzene,1-dodecanethiol,benzene,benzenethiol,0.025185976,True,False
benzene,1-dodecanethiol,benzene,benzenethiol,0.025185976,True,False
benzene,1-dodecanethiol,benzene,benzenethiol,0.025185976,True,False
benzene,1-dodecanethiol,benzene,benzenethiol,0.025185976,True,False
benzene,1-dodecanethiol,benzene,benzenethiol,0.025185976,True,False
benzene,1-dodecanethiol,benzene,benzenethiol,0.025185976,True,False
benzene,1-dodecanethiol,benzene,benzenethiol,0.025185976,True,False
benzene,1-dodecanethiol,benzene,benzenethiol,0.025185976,True,False
benzene,1-dodecanethiol,benzene,benzenethiol,0.025185976,True,False
benzene,1-dodecanethiol,benzene,benzenethiol,0.025185976,True,False
benzene,1-dodecanethiol,benzene,benzenethiol,0.025185976,True,False
benzene,1-dodecanethiol,benzene,benzenethiol,0.025185976,True,False
benzene,1-dodecanethiol,benzene,benzenethiol,0.025185976,True,False
benzene,1-dodecanethiol,benzene,benzenethiol,0.025185976,True,False
benzene,1-dodecanethiol,benzene,benzenethiol,0.025185976,True,False
benzene,1-dodecanethiol,benzene,benzenethiol,0.025185976,True,False
benzene,1-dodecanethiol,benzene,benzenethiol,0.025185976,True,False
benzene,1-dodecanethiol,benzene,benzenethiol,0.025185976,True,False
benzene,1-dodecanethiol,benzene,benzenethiol,0.025185976,True,False
benzene,1-dodecanethiol,benzene,benzenethiol,0.025185976,True,False
benzene,1-dodecanethiol,benzene,benzenethiol,0.025185976,True,False
benzene,1-dodecanethiol,benzene,benzenethiol,0.025185976,True,False
benzene,1-dodecanethiol,benzene,benzenethiol,0.025185976,True,False
benzene,1-dodecanethiol,benzene,benzenethiol,0.025185976,True,False
benzene,1-dodecanethiol,benzene,benzenethiol,0.025185976,True,False
benzene,1-dodecanethiol,benzene,benzenethiol,0.025185976,True,False
benzene,1-dodecanethiol,benzene,benzenethiol,0.025185976,True,False
benzene,1-dodecanethiol,benzene,benzenethiol,0.025185976,True,False
benzene,1-dodecanethiol,benzene,benzenethiol,0.025185976,True,False
